단어,빈도
드라이브,484
맛,61
트렌디,560
세련된,137
알앤비,1005
국내,3406
힙합,2744
도입,1036
부,1011
그,339
시절,42
외힙,407
방해,12
온전,39
나,767
시간,290
좋은,3637
발라드,415
산책,238
날,731
적당히,137
신나는,558
두둠칫,94
모음,2411
외출,29
전,110
플리,546
적당한,106
비트,369
그루비,146
여유,403
하루,1115
나른한,413
봄,1155
여름,1331
사이,268
기분,1608
업,61
팝송,5878
아무,61
생각,215
싫을,31
때,1092
누,56
잔잔한,1155
음악,2870
극락,31
감성,2129
시작,364
오후,462
방법,237
잔잔하게,101
파도,50
소리,156
잔잔하고,60
무드있는,17
월요병,37
싹,32
햇살,288
이,1000
노래,1420
당신,282
항상,49
내,636
곁,10
있어주었죠,10
부모님,17
환장하는,70
사람,261
외국,278
종결,188
개쩌,89
뭐,328
감각,483
힙,342
화창한,110
주말,369
아침,511
해도,99
행복지수,11
미소,20
달달,321
흐트러진,11
마음,607
괜찮아,57
밤,1376
듣기,1378
미친,98
인생,429
곡,551
발견,176
그루브,250
가득한,304
봄바람,80
인디밴드,33
준형,11
심,11
애플,26
종일,117
다시,214
요즘,222
날씨,287
편안해지는,63
상쾌하고,109
행복한,113
분위기,710
있는,480
저녁,366
위,396
로맨틱,75
음색,543
여자,146
팝,1708
아티스트,210
비,435
카페,767
작업,75
퇴근,373
길,283
더,393
설레잖아,22
꼭,252
공기,306
머,15
금은,15
선선,478
편안한,245
퇴근길,176
마무리,161
너,1045
전하,130
스트레스,79
해소,12
걸그룹,12
플레이,1347
리스트,1791
왜,33
이제,20
모두,117
팝아티스트,31
톰,18
프라,9
띵곡,440
피크닉,189
따뜻한,393
향기,59
청량하고,45
달콤한,57
첫,250
호불호,104
없는,211
전환,279
하늘,229
듯,65
주인,504
최애,458
진짜,816
깡패,60
있다면,20
필요한,58
위로,436
좋게,182
신나고,43
전세계,22
사랑,433
찰리,22
푸스,22
명곡,111
오늘,739
뭔가,68
지고,13
질리,114
잔잔함과,15
위켄드,19
없죠,19
모든,188
난,18
만난,36
후,130
알,175
수,347
국힙,577
설렘,68
지수,50
연애,117
세포,66
산뜻한,324
어떄,15
포근한,259
방,337
구석,201
이불,155
취향,106
듬뿍,52
힘,57
일,86
노동요,131
공간,138
독보,107
파워,22
풀,31
남자,87
아이돌,55
편하게,158
어땠나요,30
삶,92
힘들고,61
있으면,51
언제,146
좋지만,19
겨울,639
여운,76
어쿠스틱,88
인디음악,275
기,106
해,272
가장,1013
인기,978
많았던,919
스타일,66
바로,122
어서,56
새해,101
일만,84
가득할거야,31
높이,12
달리,12
락,32
밴드,35
올해,672
설레는,229
연말,394
크리스마스,1121
캐롤,619
별,89
따뜻하게,62
새벽,313
꼬실려,10
저격,42
손해,34
좋아,356
포근하게,121
따뜻하고,44
행복하게,52
우리,732
좋아서,119
거,318
틀,95
옆,46
달라,16
선곡,305
끝,313
금방,21
지나,36
무조건,158
집중,86
필요할,152
뉴에이지,11
잠,157
오지,32
해지,46
몽환,43
사운드,266
가득,210
흔하지,16
없다,70
도시,231
많은,23
것,236
같아,47
서늘한,23
주,23
선물,102
청춘,57
공감,13
희망,13
경계,41
선,437
잔잔함이,20
편안함,39
청량한,176
일렉트로니카,16
번,90
이상,25
반복,79
즐거운,32
리드미컬하며,11
함,74
휴일,41
소소하지만,37
확실한,37
행복,180
자주,32
계절,194
가을,789
잔잔함,23
다음,10
생,10
짝사랑,10
아련한,42
느낌,263
물씬,87
시티,154
목소리,48
반하고,34
반하는,20
보컬,62
편안하고,35
매력,83
보이스,11
심장,41
경쾌한,123
한번,141
매년,28
주의,57
즐겁게,10
통통,21
초가을,38
바람,167
선선해진,52
더하다,22
모닝,83
동안,83
어디,165
혼자,159
힘들어하고,37
있을,68
분업,9
템포,29
일어나서,14
힐링,77
누가,48
도,53
최고,33
당당한,21
걸,58
크러쉬,21
내적,18
댄스,33
유발,32
중독,97
말,142
안해,13
속,521
멜로디,182
공허한,44
귓가,43
맴도,13
편안하게,123
여러분,77
좋아할,48
따뜻함에,18
휴식,46
향기로,14
네온,20
사인,20
거리,210
시원하게,87
은은한,20
자극,69
이런,152
어때,99
상쾌한,125
필수,141
시원한,466
드라이빙,19
뮤직,51
니,23
곳,106
라면,115
기억,206
완벽한,98
취하,155
사이먼,19
도미,19
닉,19
꿈,132
위해,83
청량,15
유,73
산소,73
헬스,64
전투력,68
상승,68
월요일,79
최신,23
바,247
갈래,38
고막,116
시원해지는,38
센치,32
비주,13
얼,13
멋짐,13
장착,13
거기,13
보이,14
그룹,13
정신,33
없던,19
외힙러들,32
그냥,238
매장,232
일부러,44
무더위,94
여름밤,120
힘들었던,48
우산,11
맑은,11
빗,67
본격,24
톡톡,14
서나,14
메이커,14
뭉글,36
구름,152
엄지,11
척,11
청량함의,14
머리,27
발끝,14
멍하니,18
달빛,44
시원함,15
반해,28
여행,110
서로,13
치기,15
아쉬운,15
슬픔,13
슬픈,34
이별,82
이야기,78
풋풋하고,13
싱그러운,67
있어,97
사기,67
매운,37
보름달,12
절,163
저장,85
순간,194
맥주,25
잔,85
매일,179
노을,389
붉은,19
캘리포니아,60
해변,92
아래,178
울적한,40
따슷하,34
마저,13
잔잔하니,13
좋을,49
사장,204
지금,286
멀티,116
라운지,112
만,27
비도,32
냄새,80
차분하게,14
좋기,14
많을,13
좋아하는,78
없겠지,13
뿌셔,11
리드미컬한,46
자기,14
포근하고,14
무언가,24
미쳐,98
준비,284
떄,16
꽃잎,12
복잡한,43
머릿속,65
스피커,54
볼륨,12
줄,137
조용히,43
시온,9
이어폰,71
첫사랑,13
풋풋함을,13
치명,67
매혹,18
네온사인,19
여기,226
새벽녘,15
방안,41
기타,11
제격,14
설레임,13
스푼,65
두,39
추천,169
장건,9
힘들더라도,33
포기,33
질주,11
본능,11
힘찬,36
팝락,36
설렘지수,28
발렌타인데이,28
집,274
돌이,38
순이,38
벌써,86
시끄럽지,36
강렬한,20
더한,20
훅,30
쩌,48
유명하지,15
잔나비,22
적재,11
김뮤,11
지엄,30
데이먼,11
스,11
글,16
로랑,16
버킷리스트,16
작성,16
와인,170
질,36
미라클,19
이나,10
가수,90
귀,149
감기,31
총,59
컴퓨터,13
있도록,13
금요일,44
어떤,36
남아,12
볼,133
나른하게,35
헤이즈,1
그대,100
가득했어,15
홈파티,73
좀,73
미국,37
하이,50
틴,74
주인공,43
파티,186
그루,414
브,351
좋아하면,82
클릭,74
따뜻해,48
곧,32
루프,93
탑,93
순간이동,21
복잡할,35
잠시,56
일상,272
러,19
바쁜,72
있음,16
남,16
별로,16
채,25
핫,75
띵곡들,11
놨는데,11
잔잔하면서,12
리틀,17
포레스트,17
지름신,13
쇼핑,13
호강,27
보장,36
셀,10
신나,37
안녕,109
썸,44
탈때,32
추가,39
취,24
자존감,12
좋겠어,108
연인,15
편집,96
현실,21
영감,22
주노,5
음원,5
자꾸,30
미쳤다,71
무한,10
소화,18
벅찬,48
올드,71
재즈,472
모던,18
문득,61
제주도,15
야간,15
비행,27
아까운,9
행복해,17
눈,144
결정,24
체,24
맛집,84
우린,44
행복할,15
필요,23
같은,226
면서,21
소프트,39
겉,21
힙하,57
부드러운,39
레이,54
어프,21
클렌징,21
차가운,37
매번,15
있다고,21
신나지,12
좋아하잖아,12
일출,24
따슷,53
한국인,13
없는가수,13
리듬,106
더운,19
평생,20
짝꿍,20
텐션,107
휴가,67
물속,53
햇빛,6
빨래,6
산뜻하고,41
좋아한다면,43
타임,31
앤,17
마리,17
길은,13
바다로,21
출근,14
클럽,109
짜릿해,16
힘든,11
운동,69
쉬워,11
짐,11
빡샌,11
책임,59
장인,67
얼마나,15
좋은지,15
신스팝,13
인디팝,66
러블리,33
바다,135
장마,18
무더운,69
쿵쾅,30
설레게,15
부터,49
한도,17
초과,17
뷰,25
펑크,33
세상,41
재생,17
좋잖아,47
화음,19
듀엣,19
무작정,12
포크,12
쏠,16
서운할,16
같은데,16
몽,10
밤하늘,20
섹시,74
정석,14
과,46
몰입,14
있는데,8
수도,16
없어,49
시원하고,52
힘들어서,11
페스티벌,2
장난,20
아니잖아,20
순,40
없잖아,24
제,64
장사,64
울,30
언니,19
내적댄스,57
폭발,90
이건,37
못,66
레트로,90
둠칫둠칫,18
계속,37
복잡하고,32
힘들,32
정말,20
쌘,9
도착,20
반해서,11
걸음걸이,9
스웨,9
다가,10
미쳤,19
빡센,12
처음,27
파리,227
완벽하게,23
벽감,18
배,54
없을걸,19
오전,23
조용한,68
흔한,8
지루해,33
유니크,8
완료,69
사,122
누구,12
강한,30
저절로,9
뭉게뭉게,9
화이트,55
어느새,37
이번,9
트랙,17
상큼,192
연수,10
추억,22
네,168
맘,11
전부,11
았었는데,8
뮤지션,8
세번,11
그린,10
심쿵,18
락스타,10
안,184
수면제,11
길어,10
쌀쌀한,20
공부,16
전교,16
흥겨운,32
안되는,13
장남,22
발,11
존나,11
마블,5
새로운,75
히어로,5
샹치,10
토리,6
착각,12
만큼,14
브팝,63
제대로,20
타,31
고생,40
시원해서,14
다행,14
이쁜,31
헬스할,19
눈동자,9
다운,9
섹시함은,9
하디,9
그런,18
있잖아,18
사이다,12
처럼,12
힘들어하는,8
깄,53
퇴폐,17
야할,17
출근길,11
조합,12
뉴,35
호프,8
섹시한,15
소나타,13
람보르기니,13
눈물,17
펑펑,17
없었으면,7
신나게,9
매출,17
좋으니까,9
젊은,3
현재,3
공덕,23
잔디밭,26
평범한,61
특별한,34
연남동,22
의,86
봄날,164
망원동,25
광고,40
모델,15
위스키,62
유영,44
시끄러운,24
고맙도록,86
할아버지,1
손,16
잡고,1
상점,1
낯선,39
피해,57
골목길,28
작은,67
토,44
유니온,14
에어컨,18
창문,57
칠하고,18
엉덩이,24
계획,16
올드팝,14
에메랄드,24
빛,114
뜨거웠던,19
알프스,13
호숫가,13
젊음,26
갑자기,49
힙해짐,40
낭만,142
무더웠던,1
지난,1
로럴,3
향,47
걷기,1
가기,44
귀찮아서,20
핑크,49
타고,111
중,123
미드나잇,18
러닝,18
빈티,98
러브,21
외로움,3
나쁘지만은,3
물든,72
브루클린,83
마지막,43
그리워하며,15
윈터,16
실크,22
소닉,22
소박하고,16
시속,16
하트,39
시그널,39
출연자,22
조작,22
불빛,27
석양,47
해안,24
도로,24
춤,33
플라워,9
방황,56
구,18
내일,17
라드,19
뮤,19
통해,17
서교동,1
고단,16
나이,15
건,35
맞이,38
살,19
가게,64
있나요,19
푸르른,15
을지로,17
성수동,20
마주,28
앞,23
아이폰,14
거나,14
아니거나,14
골목,17
차분한,1
드립커피,1
책방,19
내추럴,17
시시콜콜한,17
차,71
스케이트,34
뉴욕,42
활보,17
핑크색,13
홀로,36
링,34
한강,28
플랫,1
맛있는,1
잠깐,39
복판,13
다니엘,1
시저,1
서점,1
약속,52
없고,13
넷플릭스,13
지겹고,13
아쉬워,13
좋으니,17
나중,59
몽골,15
여행가,15
가면,59
막차,12
포브스,18
선정,18
운전,43
숲,11
우려,12
로봇,20
보리차,13
이유,13
밍,26
기적,53
포르투,15
강가,16
없어서,12
김,12
오키,12
때로는,32
마디,19
미안,14
얘기,14
피렌체,14
미러볼,20
장바구니,20
벽난로,10
핫초코,28
새로,12
산,12
옷,12
막,12
창,42
에펠탑,15
트렌치코트,12
고독,12
컨셉,12
브라운아이드소울,15
청소,23
길게,12
남방,11
하나,80
멋있게,10
법,30
있나보다,14
국도,36
효,18
프롬,18
정거장,14
친구,60
검정치마,21
오,10
있을래,10
피쳐링,23
꼬리,23
물기,23
보랏빛,51
랭,13
커피,119
베이글,16
사서,16
밖,41
징,16
불안한,13
그래,26
자,29
깡,11
좋은데,112
흑백,16
필름,16
같았던,16
버스,41
서툴지만,7
색,33
블루,9
욕조,30
를,26
주문,13
한적한,44
오존,13
오혁,16
카더,16
가든,16
죠지,11
기리보이,11
유튜브,87
트렌딩,87
취할,17
긍정,16
에너지,16
형님,25
저,89
녀석,25
요,92
캐치,50
달짝,146
지근,146
옷장,19
정리,34
보사노바,43
취해,17
차분하고,36
로,84
파이,84
해방촌,48
바이닐,27
펍,112
바이브,91
세기,27
잭,27
스윙,67
부질없다,15
세상만사,15
귀찮을,15
데,258
일리,288
고급,21
진,36
소울,61
재즈팝,21
초록,18
소소한,25
사운드클라우드,77
소파,20
몸,45
가득할,16
십년,33
체증,33
해방,33
감,50
자유,33
만끽,51
산뜻하게,66
충전,88
활,57
뿜뿜,43
무드,105
소복소복,25
적막한,26
꿀꿀한,28
꿀렁이,28
힙스터,64
꽃,41
안나,17
벚꽃,17
개,17
따스한,81
코코아,15
따스하고,36
합,15
독서,16
연주,45
좋구요,27
미치겠어요,27
기대하며,44
이쯤,118
중간,97
결산,442
상반기,293
특집,411
안될,295
지루한게,24
싫다구,24
접수,24
밋밋한,24
블링블링,24
장난감,20
성냥,14
불,32
시크,14
스타일리시,14
비행기,18
꿀,16
뚝,32
영화,96
소호,19
어스름,49
무기,33
나기,15
창가,31
화이팅,24
쉿,33
촉촉한,17
에이,24
가볍게,258
칩거,20
생활,20
재밌는,20
때문,20
휴양지,44
집시재즈,25
자세,97
트로피,130
컬,130
그날,22
주제가,19
회색,41
나른해지는,26
열정,30
가슴,30
남성,20
설레이는,27
엄마,41
침대,14
탄산,20
여성,50
롸커들,20
샤우팅,20
등장씬,15
산타할아버지,69
착하게,69
헤,14
다정하게,14
끈,23
딥,44
로움,18
삽입,25
최면,25
만약,25
광고음악,25
감독,25
다크,71
요정,15
사색,15
잠기,38
봄볕,15
덕분,100
행복했다,100
하반기,100
독기,20
미학,20
리드미컬,70
마스크,25
뻔,25
이태원,52
벨벳,24
부드럽고,53
시즌,41
신곡,41
콜렉션,41
매우,25
맑음,25
포,22
혹쉬,12
부가,25
인트로,61
한여름,18
심야,18
별빛,18
열대야,65
젤라또,13
슬슬,96
렉팝,104
도넛,30
키치,15
나이키,14
모드,14
부스터,14
펌프,14
그리워질,22
예감,28
마법,25
나라,25
놀이,25
공원,45
여름날,103
세레나데,25
센치한,56
멜랑콜리,24
불금,30
묵직한,30
봄밤,15
자락,14
붉게,14
습한,17
둠칫,28
폭,49
신한,49
자기야,15
미안해,15
후회될,15
조각,23
온,97
들뜨잖아,21
사과,25
아아,15
잠수교,15
싫은,15
널,15
캠프,25
습기,43
서울,17
도심,17
풋풋한,20
브금,20
생기,20
발랄,20
바닷가,21
캠핑장,21
불멍,21
봄맞이,45
센슈얼,20
광합성,53
필요해,36
초여름,53
온실,28
따뜻했던,28
무수,28
대한,28
단상,28
가족영화,50
편,50
색다른,50
감동,50
클래식,50
스페셜,50
팔,24
무엇,36
클라우드,15
안될까,25
그림,25
그릴,25
애가,14
몽글몽글해지는,23
괜찮으시겠어요,25
지루한,25
신남,21
퍼펙트,72
타게될껄,17
호캉스,37
야하는,13
경쾌하고,13
작고,20
소중한,36
북미,14
굿모닝,26
사르르,17
부드럽게,37
로우,98
온도,14
투샷,15
나른함과,23
무렵,24
오렌지,24
설날,15
건행,15
명절,15
임영웅,15
발랄한,16
레몬,16
캬캬캬,25
개도,25
출퇴근길,25
세월,21
신년,21
주년,21
기념,21
블루투스,27
해진,24
안성맞춤,24
테라스,19
축,24
펑키,26
나른하고,24
집콕러들,25
하얀,20
우유,20
에스프레소,38
방울,20
작심삼일,15
출발,15
일렉트로닉,15
저기,29
꽃들이,16
메리,24
아이유,30
좋다,15
싱그럽고,34
찌릿해,17
폭죽,17
아름다운,38
무중력,19
아프로,42
폼,21
있어요,25
개장,45
절제,45
세련,61
미,61
테크,45
하우스,45
나들이,19
세트,30
추석,20
차안,20
센치함이,16
블랙,15
홍대,23
지하,23
즈음,30
늦가을,30
영혼,57
비어,18
아까운데,15
핫플,38
있지,24
편집숍,24
쿨,24
성지,15
베를린,15
뒷골목,15
제목,24
쨍,30
낮맥,30
디스코,30
은은하게,41
꽃내음,26
롤러코스터,25
합격,15
목걸이,15
꿀렁,30
고당,27
당고,27
정도,98
토요일,30
인,17
원한다면,16
사람과,16
제거,26
예쁜,26
브이,18
로그,18
인트,18
햇볕,18
옥상,13
장소,13
산뜻,13
느긋하게,17
어깨,26
낮술,16
돗자리,27
콜,25
포근포근,24
세련되고,24
성,14
보드,17
엉망,17
진창,17
고픈,17
냉치냉,14
촉촉하게,15
취저,21
샤워,18
말랑말랑한,18
짜릿한,25
선사,25
도파민,25
쏙쏙,25
후드,16
집업,16
틈,49
세대,49
관통,49
불멸,49
레모네이드,23
댄서,26
블,26
답답한,20
해피,20
바이러스,20
번화가,20
푸릇푸릇,15
바질,15
썸머,49
갓,19
추위,19
브랜드,30
보들보들해지는,18
게임,19
수영,30
스타,30
쉬,30
만점,30
간만,18
대루,18
스윗,18
뽀송하게,15
일렉트로,40
인터라켄,25
광활한,25
자연,25
뜨거운,16
태양,16
상쾌하게,25
치도,25
시원시원한,12
뚝섬유원지역,14
강변,14
나란히,21
엣헴,50
구역,50
에센셜,50
뜨겁게,21
침,21
대송,21
겨울비,17
유독,17
사랑스런,17
프렌치,25
아니,18
어떻게,18
좋,18
애,18
대표,14
메뉴,14
압로,14
평,12
레이브,12
홈,14
표,14
토닥토닥,26
불면,26
캔맥,31
술,31
달,31
기쁨,30
독자,30
베스트,30
랜선,100
락페,100
신나요,16
간,16
역시,15
태연,15
고개,20
까딱,40
건방져지는,20
철수,27
에미넴,27
일로,27
정류장,30
선명하게,30
산책길,30
렉,30
청량터,19
자리,28
점철,27
싫어,32
시리,25
시린,25
자장가,37
레스토랑,33
미셸,34
들라크루아,34
파도처럼,28
내게로,28
다시금,24
꽃처럼,24
이름,25
정점,29
아름다웠다,23
존재,27
안도,27
수채화,28
강,31
물결,34
짙게,26
따스했던,27
비극,21
설렌다,29
또,29
초저녁,25
로맨스,25
걱정,25
수고,33
아름답게,17
조금,37
설레어서,22
간다,40
버거울지라도,1
란,22
귀로,27
온통,26
나로,18
충분히,18
괜찮은,18
가까운,18
음,15
취소,14
시시한,14
쉼표,14
필요하니까,14
베이커,1
특별해질,14
지도,14
호수,13
론,12
훌쩍,12
마치,10
장면,10
거림,12
사랑스러운,12
아주,16
근사한,16
바보,11
혹시,13
좋아하세요,13
노랠,10
무심코,11
근사해져,11
깊어가는,10
오묘한,10
있더라,10
오늘밤,9
우울,10
무슨,10
설렘으로,10
가득하길,10
어땠어,10
없다면,16
실수,16
뿐,16
찬,11
기운,11
려고,14
감정,10
렁,10
담담하게,7
있었으면,11
